<?xml version = "1.0" encoding = "UTF-8"?>

<beans xmlns="http://www.springframework.org/schema/beans"
	xmlns:xsi="http://www.w3.org/2001/XMLSchema-instance"
	xmlns:context="http://www.springframework.org/schema/context"
	xsi:schemaLocation="http://www.springframework.org/schema/beans
   http://www.springframework.org/schema/beans/spring-beans.xsd
   http://www.springframework.org/schema/context
   http://www.springframework.org/schema/context/spring-context.xsd">

	<bean class="Employee" name="employee">
		<property name="name">
			<value>Hritik
			</value>
		</property>
		<property name="email" value="hritik.sahu@yash.com" />
	</bean>
	<bean class="Employee" name="employee1" factory-method="getName1" />

	<!--<bean class="Employee" name="employee" p:name="Hritik" p:email="hritik.sahu@yash.com" 
		/> -->
	
		<bean class="Employee" name ="ep" init-method="init"
			destroy-method="destroy" />



	<bean class="CollectionDemo" name="collectiondemo">
		<property name="emp1">
			<list>
				<value>Hritik</value>
				<value>Sunil</value>
				<value>Manesh</value>
				<value>Manesh</value>
			</list>
		</property>
		<property name="emp2">
			<set>
				<value>Hritik</value>
				<value>Sunil</value>
				<value>Manesh</value>
				<value>Manesh</value>
			</set>
		</property>
		<property name="emp3">
			<map>
				<entry key="1" value="Hritik" />
				<entry key="2" value="Sunil" />
				<entry key="3" value="Manesh" />
				<entry key="4" value="Manesh" />
			</map>
		</property>
	</bean>

	<bean id="b" class="B"></bean>
	<bean id="a" class="A" autowire="byName"></bean>

	<context:annotation-config />

	<bean class="Address" name="address">
		<property name="street" value="Location"></property>
		<property name="city" value="Indore"></property>
	</bean>
	<bean class="Emp" name="emp">
	</bean>
	<bean class = "BeanPostProcessDemo" />
	<bean class = "BeanFactoryPostProcessorDemo" />

</beans>